{
	"start":	{
		"connected":	[{
				"socket":	5,
				"local_host":	"10.0.2.20",
				"local_port":	42812,
				"remote_host":	"35.206.96.176",
				"remote_port":	5201
			}],
		"version":	"iperf 3.7",
		"system_info":	"Linux codespaces-bd618f 6.5.0-1025-azure #26~22.04.1-Ubuntu SMP Thu Jul 11 22:33:04 UTC 2024 x86_64",
		"timestamp":	{
			"time":	"Mon, 06 Jan 2025 20:31:50 GMT",
			"timesecs":	1736195510
		},
		"connecting_to":	{
			"host":	"35.206.96.176",
			"port":	5201
		},
		"cookie":	"oglrsyqndhw7a4rks7cmkurnrje3loersh7v",
		"sock_bufsize":	0,
		"sndbuf_actual":	212992,
		"rcvbuf_actual":	1048576,
		"test_start":	{
			"protocol":	"UDP",
			"num_streams":	1,
			"blksize":	1408,
			"omit":	0,
			"duration":	10,
			"bytes":	0,
			"blocks":	0,
			"reverse":	0,
			"tos":	0
		}
	},
	"intervals":	[{
			"streams":	[{
					"socket":	5,
					"start":	0,
					"end":	1.000065,
					"seconds":	1.0000649690628052,
					"bytes":	132352,
					"bits_per_second":	1058747.2141857469,
					"packets":	94,
					"omitted":	false,
					"sender":	true
				}],
			"sum":	{
				"start":	0,
				"end":	1.000065,
				"seconds":	1.0000649690628052,
				"bytes":	132352,
				"bits_per_second":	1058747.2141857469,
				"packets":	94,
				"omitted":	false,
				"sender":	true
			}
		}, {
			"streams":	[{
					"socket":	5,
					"start":	1.000065,
					"end":	2.000063,
					"seconds":	0.99999797344207764,
					"bytes":	130944,
					"bits_per_second":	1047554.1229291069,
					"packets":	93,
					"omitted":	false,
					"sender":	true
				}],
			"sum":	{
				"start":	1.000065,
				"end":	2.000063,
				"seconds":	0.99999797344207764,
				"bytes":	130944,
				"bits_per_second":	1047554.1229291069,
				"packets":	93,
				"omitted":	false,
				"sender":	true
			}
		}, {
			"streams":	[{
					"socket":	5,
					"start":	2.000063,
					"end":	3.000063,
					"seconds":	1,
					"bytes":	130944,
					"bits_per_second":	1047552,
					"packets":	93,
					"omitted":	false,
					"sender":	true
				}],
			"sum":	{
				"start":	2.000063,
				"end":	3.000063,
				"seconds":	1,
				"bytes":	130944,
				"bits_per_second":	1047552,
				"packets":	93,
				"omitted":	false,
				"sender":	true
			}
		}, {
			"streams":	[{
					"socket":	5,
					"start":	3.000063,
					"end":	4.000064,
					"seconds":	1.0000009536743164,
					"bytes":	130944,
					"bits_per_second":	1047551.0009775152,
					"packets":	93,
					"omitted":	false,
					"sender":	true
				}],
			"sum":	{
				"start":	3.000063,
				"end":	4.000064,
				"seconds":	1.0000009536743164,
				"bytes":	130944,
				"bits_per_second":	1047551.0009775152,
				"packets":	93,
				"omitted":	false,
				"sender":	true
			}
		}, {
			"streams":	[{
					"socket":	5,
					"start":	4.000064,
					"end":	5.000064,
					"seconds":	1,
					"bytes":	130944,
					"bits_per_second":	1047552,
					"packets":	93,
					"omitted":	false,
					"sender":	true
				}],
			"sum":	{
				"start":	4.000064,
				"end":	5.000064,
				"seconds":	1,
				"bytes":	130944,
				"bits_per_second":	1047552,
				"packets":	93,
				"omitted":	false,
				"sender":	true
			}
		}, {
			"streams":	[{
					"socket":	5,
					"start":	5.000064,
					"end":	6.000061,
					"seconds":	0.99999701976776123,
					"bytes":	130944,
					"bits_per_second":	1047555.1219575463,
					"packets":	93,
					"omitted":	false,
					"sender":	true
				}],
			"sum":	{
				"start":	5.000064,
				"end":	6.000061,
				"seconds":	0.99999701976776123,
				"bytes":	130944,
				"bits_per_second":	1047555.1219575463,
				"packets":	93,
				"omitted":	false,
				"sender":	true
			}
		}, {
			"streams":	[{
					"socket":	5,
					"start":	6.000061,
					"end":	7.000071,
					"seconds":	1.0000100135803223,
					"bytes":	130944,
					"bits_per_second":	1047541.5103589451,
					"packets":	93,
					"omitted":	false,
					"sender":	true
				}],
			"sum":	{
				"start":	6.000061,
				"end":	7.000071,
				"seconds":	1.0000100135803223,
				"bytes":	130944,
				"bits_per_second":	1047541.5103589451,
				"packets":	93,
				"omitted":	false,
				"sender":	true
			}
		}, {
			"streams":	[{
					"socket":	5,
					"start":	7.000071,
					"end":	8.000063,
					"seconds":	0.9999920129776001,
					"bytes":	130944,
					"bits_per_second":	1047560.3668881155,
					"packets":	93,
					"omitted":	false,
					"sender":	true
				}],
			"sum":	{
				"start":	7.000071,
				"end":	8.000063,
				"seconds":	0.9999920129776001,
				"bytes":	130944,
				"bits_per_second":	1047560.3668881155,
				"packets":	93,
				"omitted":	false,
				"sender":	true
			}
		}, {
			"streams":	[{
					"socket":	5,
					"start":	8.000063,
					"end":	9.000062,
					"seconds":	0.99999898672103882,
					"bytes":	130944,
					"bits_per_second":	1047553.0614634779,
					"packets":	93,
					"omitted":	false,
					"sender":	true
				}],
			"sum":	{
				"start":	8.000063,
				"end":	9.000062,
				"seconds":	0.99999898672103882,
				"bytes":	130944,
				"bits_per_second":	1047553.0614634779,
				"packets":	93,
				"omitted":	false,
				"sender":	true
			}
		}, {
			"streams":	[{
					"socket":	5,
					"start":	9.000062,
					"end":	10.0001,
					"seconds":	1.0000380277633667,
					"bytes":	130944,
					"bits_per_second":	1047512.1654552483,
					"packets":	93,
					"omitted":	false,
					"sender":	true
				}],
			"sum":	{
				"start":	9.000062,
				"end":	10.0001,
				"seconds":	1.0000380277633667,
				"bytes":	130944,
				"bits_per_second":	1047512.1654552483,
				"packets":	93,
				"omitted":	false,
				"sender":	true
			}
		}],
	"end":	{
		"streams":	[{
				"udp":	{
					"socket":	5,
					"start":	0,
					"end":	10.0001,
					"seconds":	10.0001,
					"bytes":	1310848,
					"bits_per_second":	1048667.9133208669,
					"jitter_ms":	0.11647896132695443,
					"lost_packets":	0,
					"packets":	931,
					"lost_percent":	0,
					"out_of_order":	0,
					"sender":	true
				}
			}],
		"sum":	{
			"start":	0,
			"end":	10.065373,
			"seconds":	10.065373,
			"bytes":	1310848,
			"bits_per_second":	1048667.9133208669,
			"jitter_ms":	0.11647896132695443,
			"lost_packets":	0,
			"packets":	931,
			"lost_percent":	0,
			"sender":	true
		},
		"cpu_utilization_percent":	{
			"host_total":	1.0404630442571061,
			"host_user":	0.34214428973329575,
			"host_system":	0.69832845056738824,
			"remote_total":	0.70602359412743843,
			"remote_user":	0.21516313432987069,
			"remote_system":	0.49087039483632322
		}
	}
}
